,author,date,favorite,thumb,title,title_href
0,Deity,2018/11/23,25,4,SEM技巧：手把手教你做数据分析,http://www.woshipm.com/marketing/1656353.html
1,老湿,2018/11/23,4,6,5个策略思维，打造持久竞争力的品牌,http://www.woshipm.com/marketing/1656485.html
2,kathie,2018/11/23,5,6,广告效果监测方式分析,http://www.woshipm.com/marketing/1655606.html
3,黑小指,2018/11/22,5,5,闲鱼，一直没闲着,http://www.woshipm.com/marketing/1653440.html
4,Alice,2018/11/22,0,1,好运交给锦鲤，你只管努力,http://www.woshipm.com/marketing/1650377.html
5,姑婆那些事儿,2018/11/21,36,9,七年，我摸清了移动推广的所有套路,http://www.woshipm.com/marketing/1649955.html
6,传播体操,2018/11/21,3,5,品牌广告要不要转化？,http://www.woshipm.com/marketing/1650189.html
7,XO小喵,2018/11/21,10,4,那些频频引爆微博朋友圈的“锦鲤营销”，究竟是如何炼成的？,http://www.woshipm.com/marketing/1650462.html
8,一休小姐姐,2018/11/20,8,4,增长裂变：鉴锋知识星球分销裂变项目复盘,http://www.woshipm.com/marketing/1643461.html
9,姑婆那些事儿,2018/11/20,6,5,请黑科技的羊毛党手下留情，放APP推广一条生路,http://www.woshipm.com/marketing/1646809.html
10,卡思数据,2018/11/16,3,3,节日营销这么玩儿，你也能做出爆款实现逆袭,http://www.woshipm.com/marketing/1633614.html
11,魏家东,2018/11/16,2,0,创新粉丝经济新玩法，看蓓昂斯如何缔造“双11”神话,http://www.woshipm.com/marketing/1632852.html
12,数商云MA,2018/11/16,9,2,案例 | 6类移动金融用户人群的营销建议,http://www.woshipm.com/marketing/1631352.html
13,木木老贼,2018/11/14,32,13,一些“丧心病狂”的截胡营销,http://www.woshipm.com/marketing/1626880.html
14,Ansel Wu,2018/11/13,2,1,二次元营销视角下，看《崩坏3》壁垒的建立,http://www.woshipm.com/marketing/1626922.html
15,人人都是产品经理,2018/11/12,132,20,这么多内容营销，为什么杜蕾斯只有一个？,http://www.woshipm.com/marketing/1623126.html
16,根本停不下来～,2018/11/12,32,18,“砍价”逻辑大揭秘：怎么玩转社交电商，减少你的推广费？,http://www.woshipm.com/marketing/1622958.html
17,独孤伤,2018/11/12,29,8,零成本传播策略：6招教你打造爆款产品,http://www.woshipm.com/marketing/1622398.html
18,Anne,2018/11/11,1,0,二次元营销视角下，看《崩坏3》壁垒的建立,http://www.woshipm.com/marketing/1623023.html
19,XO小喵,2018/11/09,19,12,营销，从干掉“把梳子卖给和尚”开始,http://www.woshipm.com/marketing/1616814.html
20,sheep,2018/11/09,118,53,瑞幸咖啡双11玩法 | 每一个环节，都蕴含着增长知识点,http://www.woshipm.com/marketing/1612182.html
21,三川,2018/11/08,15,13,双11，京东如何造一场价值超1000W的事件营销,http://www.woshipm.com/marketing/1612980.html
22,StarYan先生,2018/11/08,7,4,花式营销，看岡本如何俘获这届消费者？,http://www.woshipm.com/marketing/1611468.html
23,毛琳Michael,2018/11/08,3,4,王思聪用113万奖金，增粉2100万，粉丝为什么这么疯狂？,http://www.woshipm.com/marketing/1610588.html
24,老湿,2018/11/07,126,43,引流的策略只有两个：一是免费，二是赠品！,http://www.woshipm.com/marketing/1607975.html
25,空手,2018/11/07,21,5,从IP到CP：新品牌运营方法论,http://www.woshipm.com/marketing/1605661.html
26,Chen,2018/11/07,8,2,关于国内程序化广告行业的入门了解（一）,http://www.woshipm.com/marketing/1602317.html
27,木木老贼,2018/11/07,21,6,搞清楚这8个问题，省掉你50%的广告营销预算！,http://www.woshipm.com/marketing/1605700.html
28,活动盒子,2018/11/07,15,3,双十一大战一触即发：阿里、京东都有哪些套路和玩法,http://www.woshipm.com/marketing/1602216.html
29,光涧实验室,2018/11/07,26,3,在创业公司做内容营销的 3 年，我总结出 10 条经验,http://www.woshipm.com/marketing/1596487.html
30,缪丽伟,2018/11/07,17,7,把用户思维植入营销的每一阶段，才能做好营销,http://www.woshipm.com/marketing/1603043.html
31,Alice,2018/11/06,14,3,那些制霸“年轻化营销”的品牌，究竟干了些什么？,http://www.woshipm.com/marketing/1604484.html
32,人人都是产品经理,2018/11/06,7,4,超越客户预期方法与实战：智能商业时代如何实现有效增长？,http://www.woshipm.com/marketing/1595637.html
33,传播体操,2018/11/05,24,4,为什么现在的广告都不讲故事了？,http://www.woshipm.com/marketing/1598638.html
34,木木老贼,2018/11/05,11,10,一到双11就买了鞋子又想买裤子？这个消费心理你中枪没？,http://www.woshipm.com/marketing/1597325.html
35,徐戈,2018/11/02,5,3,节日为何是营销的狂欢？从运营本质谈营销日历,http://www.woshipm.com/marketing/1586419.html
36,缪丽伟,2018/11/02,15,5,营销的本质从来没有改变——洞察需求（4）,http://www.woshipm.com/marketing/1585906.html
37,木木老贼,2018/11/02,13,11,25个能不断撬开你脑洞的营销运营经验（下）,http://www.woshipm.com/marketing/1585881.html
38,缪丽伟,2018/11/01,9,3,营销的本质从来没有改变——洞察需求（3）,http://www.woshipm.com/marketing/1581787.html
39,缪丽伟,2018/10/31,20,5,营销的本质从来没有改变——洞察需求（2）,http://www.woshipm.com/marketing/1577320.html
40,空手,2018/10/29,14,3,品牌简史,http://www.woshipm.com/marketing/1568407.html
41,如水先锋,2018/10/29,2,4,简单服务的营销管理与规模扩张,http://www.woshipm.com/marketing/1568038.html
42,乌玛小曼,2018/10/27,84,24,锦鲤、炫富摔倒、假笑男孩……解剖爆款内容的5大核心基因,http://www.woshipm.com/marketing/1562934.html
43,怪兽先森,2018/10/27,67,10,网红店的本质：经常排队2小时的网红店，都有这五个共性,http://www.woshipm.com/marketing/1562774.html
44,木木老贼,2018/10/24,42,23,25个能不断撬开你脑洞的营销运营经验（上）,http://www.woshipm.com/marketing/1549579.html
45,网易UEDC,2018/10/23,25,11,以网易星球为例：区块链产品怎么做病毒营销？,http://www.woshipm.com/marketing/1545522.html
46,鲤鱼号的舵手,2018/10/23,37,8,从2018天猫双十一，看阿里策略转型,http://www.woshipm.com/marketing/1536291.html
47,姑婆那些事儿,2018/10/23,16,0,锁定年轻用户消费群体，让校园渠道重回市场价值,http://www.woshipm.com/marketing/1539749.html
48,吴怼怼,2018/10/23,11,6,从语境营销，看“锦鲤”的社交媒体发酵,http://www.woshipm.com/marketing/1541943.html
49,木木老贼,2018/10/22,47,25,如何利用这5种营销心理，让用户心甘情愿的购买？,http://www.woshipm.com/marketing/1540542.html
50,Vency,2018/10/22,16,1,Facebook ADS 广告投放平台（2）：用户、账户、资源和广告结构分析,http://www.woshipm.com/marketing/1537134.html
51,笔记侠,2018/10/21,18,24,数据化思维，如何帮助品牌高效决策？,http://www.woshipm.com/marketing/1535143.html
52,Deity,2018/10/19,8,2,SEM干货：如何从0到1设计出一个好的账户结构？,http://www.woshipm.com/marketing/1529871.html
53,七麦研究院,2018/10/18,23,4,提升转化率：App 【预览视频】如何制作？,http://www.woshipm.com/marketing/1521043.html
54,吴昊@SaaS,2018/10/17,29,9,SaaS企业营销获客到底路在何方？,http://www.woshipm.com/marketing/1519195.html
55,Oliver,2018/10/16,55,32,连咖啡：裂变我也玩，但我和拼多多不一样,http://www.woshipm.com/marketing/1513274.html
56,空手,2018/10/16,12,2,营销第4讲 | 建立关系是营销的终极目标,http://www.woshipm.com/marketing/1512739.html
57,空手,2018/10/15,34,9,营销第3讲 | 品牌管理，就是管理消费者认知,http://www.woshipm.com/marketing/1512548.html
58,传播体操,2018/10/15,15,5,走红背后的思考：火遍全网的6大土味网红,http://www.woshipm.com/marketing/1510118.html
59,coincidence2go,2018/10/15,15,4,花钱上万，带来一篇饭圈营销活动观察,http://www.woshipm.com/marketing/1506202.html
60,魏家东,2018/10/15,5,2,“炫富”照刷屏：娱乐化中有哪些营销技巧呢？,http://www.woshipm.com/marketing/1508240.html
61,怪兽先森,2018/10/13,45,19,你的产品想卖得好，请好好珍惜这三种用户,http://www.woshipm.com/marketing/1504156.html
62,彭志平,2018/10/12,39,7,线下实体店没流量？没销量？这三招或许能改变窘境,http://www.woshipm.com/marketing/1498224.html
63,坤龙老师,2018/10/12,30,15,「中国锦鲤」信小呆刷屏，原来支付宝的真正目的是……,http://www.woshipm.com/marketing/1497308.html
64,Thinker韩,2018/10/11,41,15,定价定生死,http://www.woshipm.com/marketing/1494026.html
65,艺术,2018/10/11,33,9,我精炼的Facebook广告投放竞价策略：单月投放1.1万美金，获客成本不到0.18美金,http://www.woshipm.com/marketing/1494618.html
66,创业邦,2018/10/09,55,19,如何打造“中国锦鲤”信小呆？,http://www.woshipm.com/marketing/1491510.html
67,艺术,2018/10/09,31,12,月增11万+用户！谷歌广告投放操作流程及详解,http://www.woshipm.com/marketing/1484974.html
68,徐戈,2018/10/09,33,4,营销拆解：转化率飙升，沉锚效应的利用案例和破解方法,http://www.woshipm.com/marketing/1489447.html
69,传播体操,2018/10/09,26,7,怎样能让用户爱上看广告？,http://www.woshipm.com/marketing/1486595.html
70,G。,2018/10/08,36,26,透过现象看本质，如何设计一款病毒产品？,http://www.woshipm.com/marketing/1482889.html
71,蛇叔,2018/10/08,14,6,从4个方面谈谈：航司直销,http://www.woshipm.com/marketing/1478156.html
72,黑小指,2018/10/07,49,15,六小时转发破百万，周互动超400万， 支付宝重新定义社会化营销,http://www.woshipm.com/marketing/1482295.html
73,独孤伤,2018/10/04,198,33,制造流行的能力：深度解析新世相、网易、三联周刊的传播套路,http://www.woshipm.com/marketing/1477855.html
74,老虎讲运营,2018/10/03,53,17,让产品自带传播因子的两个小方法,http://www.woshipm.com/marketing/1473715.html
75,木木老贼,2018/09/30,26,7,10月特辑 | 一份新媒体营销热点日历,http://www.woshipm.com/marketing/1470636.html
76,传播体操,2018/09/30,39,11,做广告营销，别太理性,http://www.woshipm.com/marketing/1470623.html
77,康熙师爷,2018/09/30,48,15,爆款的秘密：产品走红，并不是因为产品好,http://www.woshipm.com/marketing/1468857.html
78,蚂蚁先生,2018/09/29,19,7,以SEM营销为例，通过渠道转化模型优化转化率,http://www.woshipm.com/marketing/1466833.html
79,米可,2018/09/28,23,4,不同的渠道，为什么养着不同的文案？,http://www.woshipm.com/marketing/1463289.html
80,平章大人,2018/09/28,14,25,网红营销，如何影响用户行为的心理要素？,http://www.woshipm.com/marketing/1449514.html
81,米可,2018/09/28,6,1,局部与整体相似，分形理论对营销的启发,http://www.woshipm.com/marketing/1460090.html
82,Anne,2018/09/27,16,7,快思考与慢思考之下的营销策略设计,http://www.woshipm.com/marketing/1459785.html
83,空手,2018/09/27,44,7,营销第2讲 | 一个产品/品牌成长路径的三个阶段：工具、媒体、IP,http://www.woshipm.com/marketing/1457905.html
84,lianbo2006,2018/09/27,31,3,品牌广告投放机制（二）：品牌广告的曝光,http://www.woshipm.com/marketing/1442912.html
85,Anne,2018/09/26,21,16,病毒传播，是上天对营销人的馈赠,http://www.woshipm.com/marketing/1455976.html
86,传播体操,2018/09/26,22,7,品牌定位上手指南,http://www.woshipm.com/marketing/1455914.html
87,苏佬师,2018/09/26,36,12,一篇文带你读懂：需求到底是个什么玩意儿？,http://www.woshipm.com/marketing/1454017.html
88,Alice,2018/09/26,19,6,用「卡位」取代「定位」，找准「粉丝营销」的五大方法论,http://www.woshipm.com/marketing/1453488.html
89,活动盒子,2018/09/26,15,5,国庆节来了，品牌该怎么做好借势营销？,http://www.woshipm.com/marketing/1452525.html
90,华映资本,2018/09/25,62,19,为什么你这么容易被种草？我们认真地研究了「种草心理学」,http://www.woshipm.com/marketing/1452928.html
91,AllanZhang,2018/09/25,21,2,从定位角度解析，ofo小黄车的品牌策略,http://www.woshipm.com/marketing/1450475.html
92,传播体操,2018/09/25,4,1,品牌年轻化：国潮是怎么炼成的？,http://www.woshipm.com/marketing/1447406.html
93,木木老贼,2018/09/25,20,4,转换产品价值，让它更有营销势能,http://www.woshipm.com/marketing/1450267.html
94,怪兽先森,2018/09/22,35,11,真实案例｜用了这个方法，用户下单的转化率提高了5倍,http://www.woshipm.com/marketing/1443136.html
95,空手,2018/09/22,55,29,营销第1讲｜ 一切生意机会，都从理解消费者需求中来,http://www.woshipm.com/marketing/1440623.html
96,徐戈,2018/09/21,30,6,营销拆解：微博涨粉70万，江西华农兄弟竹鼠走红背后的金矿,http://www.woshipm.com/marketing/1441773.html
97,lianbo2006,2018/09/21,23,2,品牌广告投放机制（一）品牌广告的预定,http://www.woshipm.com/marketing/1440963.html
98,认识前,2018/09/21,23,4,不贩卖焦虑，也不骗眼泪，我们来聊聊品牌到底应该怎么做？,http://www.woshipm.com/marketing/1440248.html
99,木木老贼,2018/09/21,34,11,除了直接说服消费者购买，还有一个超强大招你用了吗？,http://www.woshipm.com/marketing/1437823.html
100,兔子翻译组,2018/09/20,15,1,硬推广：如何与潜在客户建立良好关系,http://www.woshipm.com/marketing/1390867.html
101,木木老贼,2018/09/19,26,3,看了100多个品牌近几年中秋节追热点的姿势，总结出了这一套规律,http://www.woshipm.com/marketing/1430944.html
102,雅格布,2018/09/19,19,7,不要用嘴去介绍你的产品，让用户在有效的使用场景里去感受,http://www.woshipm.com/marketing/1430273.html
103,活动盒子,2018/09/18,105,26,5个借势小技巧，教你打造中秋爆款营销活动,http://www.woshipm.com/marketing/1427754.html
104,传播体操,2018/09/18,23,5,垂直小品牌的生存法则,http://www.woshipm.com/marketing/1425407.html
105,卓志勇,2018/09/17,38,29,寻找产品卖点的4个步骤,http://www.woshipm.com/marketing/1412541.html
106,冬清子,2018/09/17,39,9,我发现，网上那些会员的套路都一样,http://www.woshipm.com/marketing/1418356.html
107,米可,2018/09/14,12,9,营销的心术和骗术,http://www.woshipm.com/marketing/1409498.html
108,姜太公公,2018/09/13,28,11,万字长文解析｜如何通过“品类杀手”塑造风口,http://www.woshipm.com/marketing/1387453.html
109,杨嘉伟,2018/09/12,44,4,营销进化史：全局效率差，定营销胜负,http://www.woshipm.com/marketing/1401577.html
110,撒哈拉小沙,2018/09/12,63,13,7天，我们测试了5个裂变模型，最佳的竟然是这个,http://www.woshipm.com/marketing/1400316.html
111,袁林,2018/09/11,13,6,论SaaS内容营销：“严肃且无聊”,http://www.woshipm.com/marketing/1396181.html
112,传播体操,2018/09/11,18,4,品牌传播：首先要遵循的第一性原理,http://www.woshipm.com/marketing/1394705.html
113,朱小磊,2018/09/10,25,8,赠品，怎样选择「最合适、还新颖」？,http://www.woshipm.com/marketing/1391357.html
114,时胜利,2018/09/09,73,25,六个关键点，品牌透过热点进行借势营销,http://www.woshipm.com/marketing/1385004.html
115,空手,2018/09/07,25,21,定位是个任人打扮的小姑娘,http://www.woshipm.com/marketing/1382009.html
116,品牌咨询那些事儿,2018/09/06,36,7,从乌江榨菜看，如何进行品牌营销？,http://www.woshipm.com/marketing/1373273.html
117,品牌玩家,2018/09/06,15,2,要想玩转口碑营销，你应该做好这几件事,http://www.woshipm.com/marketing/1371262.html
118,大娃,2018/09/05,22,7,头条的悟空退居二线，企业如何在知乎做内容营销？,http://www.woshipm.com/marketing/1365198.html
119,品牌玩家,2018/09/05,27,7,新产品怎样打入用户心智？你可以这样做！,http://www.woshipm.com/marketing/1363422.html
120,格竹集,2018/09/04,105,51,喜茶 51% 拷贝指南：如何打造一个流行的品牌？,http://www.woshipm.com/marketing/1360122.html
121,乌玛小曼,2018/09/03,9,11,“网红厕所”兴起背后的3大营销知识点,http://www.woshipm.com/marketing/1353975.html
122,木木老贼,2018/09/03,37,10,11个人性使然的营销技法，顶级营销人的偏爱,http://www.woshipm.com/marketing/1353422.html
123,粉头发A姐,2018/09/01,16,7,一周就“爆”的《延禧攻略》，竟是没预算的宣传推广？,http://www.woshipm.com/marketing/1344714.html
124,米可,2018/08/31,125,32,营销之难（下）：年轻人想要什么？,http://www.woshipm.com/marketing/1342565.html
125,空手,2018/08/31,19,8,减加乘除，这就是取一个好品牌名的方法,http://www.woshipm.com/marketing/1342436.html
126,品牌咨询那些事儿,2018/08/31,20,2,企业造金术：产品营销方法论的打造,http://www.woshipm.com/marketing/1337388.html
127,起点学院,2018/08/31,6,0,Judy带你逛起点丨从高处往下看，这是一份品牌营销的思维地图,http://www.woshipm.com/marketing/1327187.html
128,左驭,2018/08/30,7,2,时髦、谈资、身份重塑，一场美式体验经济的社交货币,http://www.woshipm.com/marketing/1338387.html
129,徐戈,2018/08/30,4,1,营销拆解：一碗5块，月入10w+的西安摔碗酒爆红分析,http://www.woshipm.com/marketing/1335338.html
130,卡思数据,2018/08/30,11,1,经验总结：企业如何打造人格化IP ？,http://www.woshipm.com/marketing/1335167.html
131,善宝橘,2018/08/30,19,5,To Z 世代的广告策略,http://www.woshipm.com/marketing/1335208.html
132,灰度认知社,2018/08/30,39,2,B2B营销两大新趋势：内容营销化与服务营销化,http://www.woshipm.com/marketing/1331894.html
133,怪兽先森,2018/08/30,25,18,调研竞争对手，应该调研哪些内容？,http://www.woshipm.com/marketing/1333651.html
134,起点学院学习联盟,2018/08/27,19,4,今年，你的朋友圈被网易刷了多少次？,http://www.woshipm.com/marketing/1315062.html
135,StarYan先生,2018/08/27,33,7,“炒作”的学问：事件策划点的4个特征,http://www.woshipm.com/marketing/1302261.html
136,空手,2018/08/24,32,11,网易又刷屏，那么原型人格到底是什么？,http://www.woshipm.com/marketing/1298115.html
137,研如玉,2018/08/24,26,18,B 端创业公司，如何搭建市场体系？,http://www.woshipm.com/marketing/1297854.html
138,不桡,2018/08/23,57,13,经验之谈：电商平台促销活动怎么做？,http://www.woshipm.com/marketing/1291451.html
139,姜太公公,2018/08/22,20,11,你以为，麦当劳8月天天特价为了“刚”KFC？？,http://www.woshipm.com/marketing/1255490.html
140,卡思数据,2018/08/22,23,5,打造人格化IP，必须要知道的二三事！,http://www.woshipm.com/marketing/1285712.html
141,祁杰,2018/08/22,45,8,裂变效果不好？也许是用户奖励没做好,http://www.woshipm.com/marketing/1285888.html
142,擎天伞,2018/08/22,8,0,我们买东西的时候，到底是在和“谁”比较？,http://www.woshipm.com/marketing/1285572.html
143,传播体操,2018/08/22,6,3,朋友圈刷屏越来越难的日子里，这可能才是突破口,http://www.woshipm.com/marketing/1285534.html
144,西红柿炒蛋,2018/08/21,54,16,感官营销：触发用户情绪，提升购买率,http://www.woshipm.com/marketing/1278775.html
145,缪丽伟,2018/08/20,48,15,营销的基础工作：提炼产品卖点、用户买点、消费者痛点、购买痒点,http://www.woshipm.com/marketing/1267575.html
146,呵先生,2018/08/20,16,9,群体时代，如何像虎扑一样一周内完成三年的KPI,http://www.woshipm.com/marketing/1274443.html
147,品牌咨询那些事儿,2018/08/17,46,13,「一点点」奶茶，为什么这么火？,http://www.woshipm.com/marketing/1268229.html
148,Anne,2018/08/17,88,78,深度复盘luckin coffee的闯入者之战,http://www.woshipm.com/marketing/1268311.html
149,传播体操,2018/08/16,16,4,洗脑广告是怎么炼成的？,http://www.woshipm.com/marketing/1260856.html
150,怪兽先森,2018/08/16,24,10,用户对你的产品很满意，为什么还会轻易被竞争对手抢走？,http://www.woshipm.com/marketing/1259274.html
151,空手,2018/08/16,111,66,打造爆款内容的7字真言,http://www.woshipm.com/marketing/1260262.html
152,缪丽伟,2018/08/15,14,7,你不得不了解的思路：如何快速提高销售额？,http://www.woshipm.com/marketing/1230966.html
153,一桶菜籽油,2018/08/15,46,8,经典4C角度下，分析拼多多,http://www.woshipm.com/marketing/1255237.html
154,墨饕,2018/08/14,50,27,骗子的营销套路：直指人心的恐惧营销应如何运用？,http://www.woshipm.com/marketing/1249424.html
155,腾股创投,2018/08/14,58,12,好的业务设计，应从这6点解决客户需求,http://www.woshipm.com/marketing/1249401.html
156,老虎讲运营,2018/08/14,65,12,微博、抖音等几个常见投放渠道的特性,http://www.woshipm.com/marketing/1247889.html
157,悠然一指,2018/08/12,35,13,软文营销的作用及软文营销实战技巧,http://www.woshipm.com/marketing/1237922.html
158,徐戈,2018/08/12,55,11,SEO搜索引擎优化——被严重低估网络营销核心技能,http://www.woshipm.com/marketing/1239318.html
159,靖哥哥营销,2018/08/11,65,21,七夕消息推送模板，直接拿去用！,http://www.woshipm.com/marketing/1237362.html
160,肥寒,2018/08/10,58,16,社交电商只有拼团和砍价？口袋咖啡给你答案,http://www.woshipm.com/marketing/1236559.html
161,子木君,2018/08/10,13,7,互联网时代，要如何打造优秀的品牌形象,http://www.woshipm.com/marketing/1237121.html
162,致趣百川,2018/08/10,13,0,BOOM！你的3条营销法则,http://www.woshipm.com/marketing/1235493.html
163,有道智选,2018/08/09,54,12,电商推广：日常推广这样做，才能“克敌制胜”,http://www.woshipm.com/marketing/1224845.html
164,朱小磊,2018/08/09,19,13,15个消费心理学理论，为你拨开营销的迷雾,http://www.woshipm.com/marketing/1230420.html
165,灰度认知社,2018/08/09,54,13,结合案例分析：从传统营销到增长黑客的6种方法,http://www.woshipm.com/marketing/1223803.html
166,传播体操,2018/08/09,9,3,咖啡恶战进行时：挑衅完星巴克，瑞幸咖啡下一步想做什么？,http://www.woshipm.com/marketing/1225708.html
167,米可,2018/08/09,13,2,品牌主试水小程序，仍存在“定位、玩法”等困惑,http://www.woshipm.com/marketing/1230907.html
168,魏家东,2018/08/09,10,2,从营销推广和价格差异来看，小蓝杯为什么是星巴克的中年劫？,http://www.woshipm.com/marketing/1222405.html
169,火药帝国,2018/08/09,47,19,解密：拼多多是如何玩转上瘾模型的？,http://www.woshipm.com/marketing/1228212.html
170,诸葛io,2018/08/08,42,22,用增长思维4步法，做七夕节创意营销策划,http://www.woshipm.com/marketing/1224807.html
171,空手,2018/08/08,9,5,品牌，一种VR技术,http://www.woshipm.com/marketing/1223668.html
172,蝌蚪互娱,2018/08/08,32,5,黑客增长系列：集客营销模型（Inbound Marketing）,http://www.woshipm.com/marketing/1224054.html
173,有道智选,2018/08/08,24,6,移动广告作弊：如何识别与防范？,http://www.woshipm.com/marketing/1218624.html
174,逸十五,2018/08/07,26,5,那些正确营销常识，背后都存在哪些误区？,http://www.woshipm.com/marketing/847813.html
175,随疯飞过柏杨,2018/08/07,103,22,线上推广渠道有哪些？,http://www.woshipm.com/marketing/1213658.html
176,米可,2018/08/07,6,3,这些企业行为，都是无用功丨分享4个负面案例,http://www.woshipm.com/marketing/1217484.html
177,擎天伞,2018/08/06,29,10,掌握这套约访话术，让尬聊不再发生,http://www.woshipm.com/marketing/1212614.html
178,传播体操,2018/08/05,19,11,做营销，创意不重要,http://www.woshipm.com/marketing/1207606.html
179,增长那点事儿,2018/08/04,7,2,Amazon：怎样通过技术实现指数级增长？,http://www.woshipm.com/marketing/1189182.html
180,呵先生,2018/08/03,95,35,想模仿杜蕾斯玩数字营销，你需要先看一看这个公式,http://www.woshipm.com/marketing/1197879.html
181,空手,2018/08/02,16,14,我心目中的年度最佳营销案例：虎扑大战吴亦凡,http://www.woshipm.com/marketing/1194166.html
182,怪兽先森,2018/08/02,26,9,影响用户购买行为的3种常见心理,http://www.woshipm.com/marketing/1193473.html
183,空手,2018/08/02,15,6,定位，真的懂消费者心智吗？,http://www.woshipm.com/marketing/1194133.html
184,米可,2018/08/01,24,11,不同的销售渠道，不同的包装逻辑,http://www.woshipm.com/marketing/1190461.html
185,传播体操,2018/08/01,31,11,谁决定了一个品牌的生死存亡？,http://www.woshipm.com/marketing/1189081.html
186,品牌玩家,2018/08/01,19,7,华帝在世界杯营销中的4个失败点,http://www.woshipm.com/marketing/1185806.html
187,亿欧网,2018/07/31,83,18,B2B销售体系建设的思考,http://www.woshipm.com/marketing/1184640.html
188,吴怼怼,2018/07/31,4,2,好玩世界杯：品牌如何玩转“泛娱乐”营销,http://www.woshipm.com/marketing/1182334.html
189,面包与黄油,2018/07/31,17,1,男性越来越注重消费，电商如何抓住“他经济”的浪潮？,http://www.woshipm.com/marketing/1058224.html
190,品牌玩家,2018/07/30,22,3,喜茶为何那么受千禧一代的欢迎？,http://www.woshipm.com/marketing/1172858.html
191,传播体操,2018/07/30,13,3,广告的曝光和效果之争，其实是个伪命题,http://www.woshipm.com/marketing/1173090.html
192,狼羽,2018/07/27,16,5,如何通过8大策略，营造品牌互联网好评形象？,http://www.woshipm.com/marketing/1151389.html
193,怪兽先森,2018/07/27,19,4,从LOGO到感官LOGO：如何让用户一眼就记住你的品牌并购买,http://www.woshipm.com/marketing/1166296.html
194,我逐,2018/07/26,17,9,深度解密 | 如何避开网红营销那些“坑”,http://www.woshipm.com/marketing/1163759.html
195,弓心,2018/07/26,23,14,产品如何SNS营销？看虎扑大战吴亦凡,http://www.woshipm.com/marketing/1160942.html
196,起点学院学习联盟,2018/07/26,20,5,营销指南：接下来的8月，运营喵可追的热点有哪些？,http://www.woshipm.com/marketing/1154779.html
197,叶光华,2018/07/24,13,11,忽略了这点，再多预算也做不好营销,http://www.woshipm.com/marketing/1148038.html
198,米可,2018/07/23,55,24,产品销售心理学：用户为什么会购买你的产品？,http://www.woshipm.com/marketing/1146589.html
199,Alice,2018/07/23,8,5,鬼畜文化，或许可以成为品牌推广的招数？,http://www.woshipm.com/marketing/1146245.html
200,弓心,2018/07/23,28,6,如何利用SNS营销获取流量？,http://www.woshipm.com/marketing/1145066.html
201,马 璐,2018/07/23,6,12,盗版营销，烧钱大战的另一种形式,http://www.woshipm.com/marketing/1113872.html
202,呵先生,2018/07/21,41,15,9个妙招打造一个网红，让你轻松搞定营销,http://www.woshipm.com/marketing/1137260.html
203,品牌玩家,2018/07/21,56,5,从品牌营销视角分析：美团的生态战略,http://www.woshipm.com/marketing/1136994.html
204,小哥的天真,2018/07/20,43,3,追星营销学：如何把追星宣传渠道运用到营销宣传上？,http://www.woshipm.com/marketing/1133772.html
205,幻梦邪魂,2018/07/19,12,6,世界杯的广告营销：华帝赢了、蒙牛醒了、知乎捅了马蜂窝,http://www.woshipm.com/marketing/1127509.html
206,Anne,2018/07/18,75,19,透析新媒体营销4个关键8个方式，教你玩转新媒体营销,http://www.woshipm.com/marketing/1125707.html
207,Alice,2018/07/18,31,11,正确找到竞争对手，才能有效推广,http://www.woshipm.com/marketing/1125469.html
208,善宝橘,2018/07/18,13,4,一次失败的世界杯联合营销活动复盘,http://www.woshipm.com/marketing/1124193.html
209,木木老贼,2018/07/18,43,10,一种好玩的营销策略：随机事件营销玩法,http://www.woshipm.com/marketing/1124001.html
210,萝卜挖,2018/07/17,8,3,世界杯法国队夺冠，华帝这波营销是输还是赢？,http://www.woshipm.com/marketing/1118800.html
211,曾响铃,2018/07/16,10,2,社交货币，在传播上会一直有效吗？,http://www.woshipm.com/marketing/1111406.html
212,陈佳慧,2018/07/13,29,5,针对家装市场的互联网公司，如何做品牌推广？,http://www.woshipm.com/marketing/1106167.html
213,木木老贼,2018/07/13,33,10,你提供的产品卖点，能被感知到吗？,http://www.woshipm.com/marketing/1104704.html
214,米可,2018/07/12,13,4,特色小镇生态化打造的五个IP逻辑,http://www.woshipm.com/marketing/1103640.html
215,缪丽伟,2018/07/12,36,8,人性的贪婪，营销的根本,http://www.woshipm.com/marketing/1101594.html
216,活动盒子,2018/07/12,61,13,2018上半年爆款活动营销盘点,http://www.woshipm.com/marketing/1098319.html
217,老虎讲运营,2018/07/12,13,5,案例分析：自来水，在营销推广中有何价值？,http://www.woshipm.com/marketing/1092311.html
218,白蛋白,2018/07/11,32,11,获客方式，没有高低贵贱之分,http://www.woshipm.com/marketing/1093941.html
219,传播体操,2018/07/10,102,24,年中盘点｜2018上半年，这些营销案例让人眼前一亮,http://www.woshipm.com/marketing/1093638.html
220,墨饕,2018/07/10,39,11,这种手段真可怕：引爆流量的负面营销,http://www.woshipm.com/marketing/1093282.html
221,付永承,2018/07/10,12,5,价格竞争激烈，产品该如何摆脱困境？,http://www.woshipm.com/marketing/1091051.html
222,呵先生,2018/07/10,21,23,大数据营销有漏洞，我来说一下新思路,http://www.woshipm.com/marketing/1090729.html
223,Anne,2018/07/09,49,19,如何评价江小白式营销？扎心的文案，糟糕的产品,http://www.woshipm.com/marketing/1090643.html
224,十里桃花,2018/07/06,128,45,2018 阿里京东618营销策略全面解析,http://www.woshipm.com/marketing/1086605.html
225,品牌怪咖,2018/07/06,11,3,如何利用新兴平台进行娱乐营销？,http://www.woshipm.com/marketing/1084731.html
226,空手,2018/07/05,25,3,战略进阶指南 | 战略的起点是创造优势，战略的终点是建立壁垒,http://www.woshipm.com/marketing/1083709.html
227,卫夕,2018/07/05,28,16,从央视到谷歌：聊一聊竞价广告的机制设计,http://www.woshipm.com/marketing/1083628.html
228,怪兽先森,2018/07/05,20,6,你学了很多营销方法，但实操起来还是无从下手，怎么办？,http://www.woshipm.com/marketing/1083505.html
229,卓志勇,2018/07/03,45,29,最简单有效的销售模式：大规模地让客户做购买前的前置动作,http://www.woshipm.com/marketing/1081844.html
230,传播体操,2018/07/03,14,2,梅西虽然淘汰了，但蒙牛却在营销上赢了,http://www.woshipm.com/marketing/1081570.html
231,Jason Yan,2018/07/03,23,8,未来5年，品牌传播需要思考的5件事,http://www.woshipm.com/marketing/1081547.html
232,米可,2018/07/03,35,14,品牌升级案例详解：带你看懂LOGO真正的作用,http://www.woshipm.com/marketing/1081413.html
233,老虎讲运营,2018/07/03,21,24,抖音网红推广，为什么不能按效果收费？,http://www.woshipm.com/marketing/1081205.html
234,西红柿炒蛋,2018/07/02,80,32,场景化内容：内容营销的制胜法宝,http://www.woshipm.com/marketing/1080680.html
235,无知红,2018/07/02,25,7,如何为产品定价？这里有4种方法,http://www.woshipm.com/marketing/1078525.html
236,木木老贼,2018/07/02,32,12,如何挖出真正能打动用户的关键点呢？5个靠谱方法,http://www.woshipm.com/marketing/1080539.html
237,童七,2018/07/02,65,21,总结：6个不得不看的APP获客模式,http://www.woshipm.com/marketing/1066604.html
238,曾响铃,2018/06/29,6,0,杨昱讲述“增长思维”之下，传统的营销模式该如何破冰？,http://www.woshipm.com/marketing/1077629.html
239,亿欧网,2018/06/28,4,0,零售企业该如何打造“千人千面”的差异化营销？,http://www.woshipm.com/marketing/1077405.html
240,纸盒小卡车,2018/06/28,94,39,做抖音，刷1万个爆款视频不如会这8个内容模板,http://www.woshipm.com/marketing/1076884.html
241,怪兽先森,2018/06/28,17,3,不论营销做得多好，为什么有些品牌就是做不大？,http://www.woshipm.com/marketing/1076283.html
242,卓志勇,2018/06/27,46,6,微信营销丨朋友圈三要素：内容、结构、节奏,http://www.woshipm.com/marketing/1075067.html
243,卫夕,2018/06/27,19,6,不打广告，商品的价格就真的能降下来么？,http://www.woshipm.com/marketing/1075903.html
244,孙孜文,2018/06/27,11,1,从标配到核心，传统企业又该如何做好新营销？,http://www.woshipm.com/marketing/1074426.html
245,小曹同学,2018/06/27,17,3,8个营销归因模型，为什么很多人会选最简单的那个？,http://www.woshipm.com/marketing/1074665.html
246,小哥的天真,2018/06/26,13,2,以龙湾码头为例，聊聊火锅品牌如何发展,http://www.woshipm.com/marketing/1074247.html
247,任元涛,2018/06/26,13,4,恶俗的电视广告，凭什么与世界杯球赛般配,http://www.woshipm.com/marketing/1073222.html
248,PM熊叔,2018/06/26,29,10,案例分析：用“新4C”来拆解一个实际的案例,http://www.woshipm.com/marketing/1072614.html
249,老虎讲运营,2018/06/26,77,13,抖音网红是怎样推广产品的？,http://www.woshipm.com/marketing/1072770.html
250,缪丽伟,2018/06/25,47,16,七个分析步骤，让企业打好互联网营销这场仗,http://www.woshipm.com/marketing/1068662.html
251,小曹同学,2018/06/25,22,4,ROI 的优化，其实是场足球赛,http://www.woshipm.com/marketing/1070364.html
252,米可,2018/06/23,12,30,《创造101》的火爆，给赞助商带来了什么营销价值？,http://www.woshipm.com/marketing/1069691.html
253,传播体操,2018/06/23,30,16,案例分析 | 广告黑客：颠覆传统营销的新思路,http://www.woshipm.com/marketing/1069341.html
254,吴怼怼,2018/06/23,12,7,营销美学三连问：你是谁？你在哪？怎么影响你？,http://www.woshipm.com/marketing/1069116.html
255,呵先生,2018/06/22,48,15,在这个全民促销的年代，如何优雅地降价？,http://www.woshipm.com/marketing/1069070.html
256,Deity,2018/06/22,36,5,营销套路解析：三只松鼠为何能在不到1年的时间快速崛起？,http://www.woshipm.com/marketing/1068335.html
257,周佳晓Hugo,2018/06/22,15,7,从51talk品牌升级说起，聊聊IP吉祥物的商业逻辑,http://www.woshipm.com/marketing/1067555.html
258,未知素设计,2018/06/21,16,2,从全链路设计的角度思考：如何才能做好一个品牌？,http://www.woshipm.com/marketing/1066837.html
259,苏佬师,2018/06/21,12,5,从BOSS直聘「传销」广告看：那些尬聊广告的效果,http://www.woshipm.com/marketing/1066618.html
260,怪兽先森,2018/06/21,18,10,没有大量资金，如何用100块做出200块钱的营销效果？,http://www.woshipm.com/marketing/1066578.html
261,航通社,2018/06/21,15,3,知乎世界杯“洗脑广告”，瞄准了一群怎样的新用户？,http://www.woshipm.com/marketing/1065489.html
262,面包与黄油,2018/06/20,48,9,从京东、天猫、苏宁618说起，聊聊电商大促未来如何发展？,http://www.woshipm.com/marketing/1063880.html
263,缪丽伟,2018/06/19,103,37,营销新人如何从0开始学习变成“营销专家”？,http://www.woshipm.com/marketing/1065094.html
264,少青,2018/06/18,24,8,如何做一个低成本蹭世界杯热点的活动？,http://www.woshipm.com/marketing/1062128.html
265,付永承,2018/06/18,4,3,围绕基模设计出来的Logo，可做到三个层次的功效,http://www.woshipm.com/marketing/1063632.html
266,亿欧网,2018/06/17,21,1,零售企业重构新营销模式的关键四要素是什么？,http://www.woshipm.com/marketing/1062464.html
267,怪兽先森,2018/06/16,42,27,用上这5个原则，没有文采也能写出让人想下单的文案故事,http://www.woshipm.com/marketing/1061251.html
268,品牌怪咖,2018/06/15,14,5,如何在世界杯赛中寻找可结合的品牌推广策略？,http://www.woshipm.com/marketing/1062127.html
269,萝卜挖,2018/06/15,13,1,父亲节品牌文案如何抓住用户情感需求点？这里有3个撰写角度,http://www.woshipm.com/marketing/1061725.html
270,祁杰,2018/06/15,53,24,12个干货方法：世界杯营销必备指南,http://www.woshipm.com/marketing/1061077.html
271,传播体操,2018/06/15,21,4,5个方面聊聊：品牌跨界营销要怎么玩？,http://www.woshipm.com/marketing/1061534.html
272,缪丽伟,2018/06/14,8,2,企业到底该不该进行免费营销策略？,http://www.woshipm.com/marketing/1060034.html
273,Anne,2018/06/14,6,1,品牌怎么抢世界杯借势营销的C位？,http://www.woshipm.com/marketing/1060097.html
274,木木老贼,2018/06/13,47,9,一个提升用户体验的绝好方法：触点管理,http://www.woshipm.com/marketing/1058822.html
275,致趣百川,2018/06/13,5,2,2018年北美B2B科技企业内容营销白皮书,http://www.woshipm.com/marketing/1057307.html
276,杨刀刀,2018/06/13,13,1,2018广告营销作业手册（中）,http://www.woshipm.com/marketing/1058119.html
277,Deity,2018/06/12,35,14,营销套路剖析：这个咖啡品牌何能叫板星巴克？,http://www.woshipm.com/marketing/1057829.html
278,缪丽伟,2018/06/12,25,17,江小白案例借鉴：传统企业营销方式如何变革？,http://www.woshipm.com/marketing/1057967.html
279,空手,2018/06/12,25,26,做出刷屏级创意的6大哲学（下）,http://www.woshipm.com/marketing/1057885.html
280,杨刀刀,2018/06/12,35,9,2018广告营销作业手册（上）,http://www.woshipm.com/marketing/1058037.html
281,生鲜小龙虾,2018/06/12,48,7,如何利用“从众心理”推广产品？,http://www.woshipm.com/marketing/1057111.html
282,呵先生,2018/06/12,115,42,深度推荐：月薪3万的营销人，如何利用消费者的七宗罪,http://www.woshipm.com/marketing/1055446.html
283,移动互联网李建华,2018/06/11,42,3,案例分享：如何用红包裂变推广增加APP的下载量？,http://www.woshipm.com/marketing/1056336.html
284,皮小子,2018/06/11,34,10,抖音带火的红利新玩法：城市营销,http://www.woshipm.com/marketing/1056382.html
285,传播体操,2018/06/11,50,13,如何用逆向思维进行产品推广？,http://www.woshipm.com/marketing/1056461.html
286,LunaDeng,2018/06/09,96,7,运营推广和活动如何提升用户转化？,http://www.woshipm.com/marketing/1054274.html
287,彩云sky,2018/06/08,16,3,译文｜Kookey品牌案例：如何设计一套品牌故事？,http://www.woshipm.com/marketing/1052394.html
288,空手,2018/06/08,53,11,做出刷屏级创意的6大哲学（上）,http://www.woshipm.com/marketing/1053277.html
289,米可,2018/06/08,8,4,卸下70年经典LOGO，奥美的品牌战略调整得失几何？,http://www.woshipm.com/marketing/1053311.html
290,康熙师爷,2018/06/08,34,12,饥饿营销有几个层次？你到了哪一层？,http://www.woshipm.com/marketing/1053004.html
291,笔记侠,2018/06/07,24,6,广告鬼才叶明桂品牌：有价值的品牌是如何塑造的？,http://www.woshipm.com/marketing/1051931.html
292,靠谱的阿星,2018/06/07,20,3,京东刘强东，不得不服的“营销大师”,http://www.woshipm.com/marketing/1051584.html
293,怪兽先森,2018/06/07,18,2,如何让营销创意变得有规律可循？这里有4种方法,http://www.woshipm.com/marketing/1051574.html
294,Alice,2018/06/06,36,9,S2B2C模式的代表企业如何解决流量问题？,http://www.woshipm.com/marketing/1051360.html
295,萝卜挖,2018/06/06,15,17,高考热点怎么蹭？3步教你如何借势营销,http://www.woshipm.com/marketing/1050733.html
296,浅言物,2018/06/06,44,8,腾讯产品复试题：如果让你推销一把刮胡刀给张飞，你要如何推销？,http://www.woshipm.com/marketing/1050139.html
297,米可,2018/06/06,75,32,营销之难（上）,http://www.woshipm.com/marketing/1050296.html
298,传播体操,2018/06/06,26,4,世界杯来了，品牌该怎么借势推广？,http://www.woshipm.com/marketing/1050227.html
299,空手,2018/06/06,21,6,广告公司要做的也不是创意，而是内容,http://www.woshipm.com/marketing/1049960.html
300,米可,2018/06/05,122,42,做营销，一定要利用人们“想当然”的力量,http://www.woshipm.com/marketing/1050041.html
301,明道协作,2018/06/05,93,15,销售漏斗：B2B销售经理全面指南,http://www.woshipm.com/marketing/1049881.html
302,Alice,2018/06/05,15,1,“范式转移”：营销商业变革的路径,http://www.woshipm.com/marketing/1049834.html
303,周得狗,2018/06/05,7,2,先围观后参与，引爆社会化传播的二阶参与法,http://www.woshipm.com/marketing/1048431.html
304,亿欧网,2018/06/05,21,2,5个方面重构：传统零售店如何打造以顾客价值为中心的营销模式？,http://www.woshipm.com/marketing/1049195.html
305,时胜利,2018/06/05,54,4,分析-定位-推广“三步曲”，告诉你初创公司如何迅速开拓市场,http://www.woshipm.com/marketing/1048631.html
306,申悦,2018/06/05,72,7,4个案例分析：「拼团」的裂变模式,http://www.woshipm.com/marketing/1048871.html
307,老虎讲运营,2018/06/05,21,6,学会这几点，你也可以打造出全民事件,http://www.woshipm.com/marketing/1048697.html
308,辩手李慕阳,2018/06/05,198,91,裂变！裂变！这里有一份完整的微信流量“薅羊毛”指南,http://www.woshipm.com/marketing/1048512.html
309,师天浩,2018/06/05,14,2,“王菊”逆袭的启示：弱势品牌该如何找到你的“菊内人”,http://www.woshipm.com/marketing/1048522.html
310,卓志勇,2018/06/04,28,7,营销=会去买+买得到+继续买,http://www.woshipm.com/marketing/1047984.html
311,吴怼怼,2018/06/04,23,4,广告营销步入“内容发现与管理”的时代,http://www.woshipm.com/marketing/1046709.html
312,徐邦睿,2018/06/01,16,7,“陶渊明”的狂欢——深度起底《创造101》赞助商的关键指标,http://www.woshipm.com/marketing/1046037.html
313,康熙师爷,2018/06/01,146,67,促销的真相：用户焦虑了，转化率就上去了,http://www.woshipm.com/marketing/1045749.html
314,米可,2018/06/01,11,4,有哪些看过后觉得非常好的广告（下）,http://www.woshipm.com/marketing/1044994.html
315,米可,2018/05/31,25,3,有哪些看过后觉得非常好的广告（中）,http://www.woshipm.com/marketing/1045023.html
316,迟雨落,2018/05/31,34,6,《创造101》王菊火了！4个微博经典案例告诉你，商家如何借势营销,http://www.woshipm.com/marketing/1044593.html
317,传播体操,2018/05/30,55,8,品牌年轻化：如何让你的品牌更受年轻人喜欢？,http://www.woshipm.com/marketing/1042783.html
318,营销chu,2018/05/29,71,23,网络营销，如何选择最适合品牌的营销渠道,http://www.woshipm.com/marketing/1040320.html
319,魏家东,2018/05/29,48,21,六月营销攻略：儿童节、高考、世界杯、端午节，该如何借势营销？,http://www.woshipm.com/marketing/1041623.html
320,Alice,2018/05/28,23,2,超详实际案例：HubSpot的13种高超的营销增长策略,http://www.woshipm.com/marketing/1041424.html
321,PM熊叔,2018/05/28,33,16,案例分析：互联网营销和传统营销的区别,http://www.woshipm.com/marketing/1039961.html
322,付永承,2018/05/28,27,9,很多人会市场定位，却不会定位竞争对手,http://www.woshipm.com/marketing/1040273.html
323,出海运营,2018/05/28,43,5,2018年，如何做好海外社交媒体运营,http://www.woshipm.com/marketing/1039854.html
324,前进ing,2018/05/28,54,4,线下门店，打造完整用户体验的7大步骤,http://www.woshipm.com/marketing/1030946.html
325,木木老贼,2018/05/26,48,11,作为“线上销售员”，你真的把产品卖好了吗？,http://www.woshipm.com/marketing/1039190.html
326,Alice,2018/05/25,14,3,短视频平台是怎样改变营销格局的？,http://www.woshipm.com/marketing/1038255.html
327,腾讯媒体研究院,2018/05/25,16,7,小小包麻麻邵英：做公号这两年，我懂得了什么叫真诚,http://www.woshipm.com/marketing/1037814.html
328,Anne,2018/05/24,37,5,如何将产品推向市场？通过9个问题帮你寻找获客渠道,http://www.woshipm.com/marketing/1036539.html
329,一条鱼,2018/05/23,28,2,互联网咖啡，如何建立品牌力与营销力？,http://www.woshipm.com/marketing/1031477.html
330,PM熊叔,2018/05/23,59,6,优质社群的七个特征和五个要素,http://www.woshipm.com/marketing/1035409.html
331,靠谱的阿星,2018/05/23,29,4,新餐饮核心是智能营销，如何打通社餐的“任督二脉”？,http://www.woshipm.com/marketing/1034815.html
332,健萍嘟嘟,2018/05/22,120,41,从C端视角出发，如何定义一款好产品？,http://www.woshipm.com/marketing/1034048.html
333,移动互联网李建华,2018/05/22,100,37,揭秘抖音App的推广套路，2次裂变能覆盖1.2亿人,http://www.woshipm.com/marketing/1033610.html
334,田宇洲,2018/05/22,43,4,医疗美容社区产品复盘+知识付费产品下半场思考,http://www.woshipm.com/marketing/1034013.html
335,米可,2018/05/22,76,75,打败星巴克？你真的看懂瑞幸咖啡了吗？,http://www.woshipm.com/marketing/1033766.html
336,老虎讲运营,2018/05/22,30,4,科普：产品推广中CP(X)指的是什么？,http://www.woshipm.com/marketing/1033362.html
337,PanGawe,2018/05/21,40,32,实战案例｜卖家乡枇杷的复盘整理,http://www.woshipm.com/marketing/1031843.html
338,马 璐,2018/05/20,17,12,通过520以及特例展示百度指数的准确性,http://www.woshipm.com/marketing/1031496.html
339,小宇宙,2018/05/19,30,24,营销的“拙力”：结硬寨、打呆仗，圈地运动和暖男思维,http://www.woshipm.com/marketing/1030455.html
340,祁杰,2018/05/18,53,12,微信新的分享规则下，如何打磨产品，为病毒营销打下基础,http://www.woshipm.com/marketing/1030653.html
341,健萍嘟嘟,2018/05/18,18,9,你的传播对象找对了吗？,http://www.woshipm.com/marketing/1027939.html
342,怪兽先森,2018/05/18,14,10,到底是谁抢走了你的用户？五个维度找到你的竞争者,http://www.woshipm.com/marketing/1030247.html
343,空手,2018/05/18,31,16,做品牌就是做社交,http://www.woshipm.com/marketing/1029011.html
344,曲凯,2018/05/17,26,14,来自红杉官网的产品定价指南,http://www.woshipm.com/marketing/1028831.html
345,空手,2018/05/17,53,51,10分钟49秒，读懂定位,http://www.woshipm.com/marketing/1027759.html
346,传播体操,2018/05/16,32,9,四个维度拆解，线下网红店持续打造爆款的方法论,http://www.woshipm.com/marketing/1027674.html
347,米可,2018/05/16,19,10,有哪些看过后觉得非常好的广告（上）,http://www.woshipm.com/marketing/1027906.html
348,小宇宙,2018/05/16,29,5,营销“巧”力的三种方式：玩模式，借趋势和造热点,http://www.woshipm.com/marketing/1027249.html
349,小哥的天真,2018/05/15,72,19,案例分析：天猫21天元气计划活动复盘,http://www.woshipm.com/marketing/1023421.html
350,米可,2018/05/15,31,10,顾客成就了品牌，而不是品牌自己｜五种错误的价值观,http://www.woshipm.com/marketing/1026379.html
351,少青,2018/05/15,106,24,竞品监控的3个常规手段和4个非常规手段,http://www.woshipm.com/marketing/1025639.html
352,空手,2018/05/14,34,13,10分钟58秒，读懂三大品牌模型,http://www.woshipm.com/marketing/1025167.html
353,Ronie,2018/05/12,44,9,基础知识讲解：什么是feed流？,http://www.woshipm.com/marketing/1023818.html
354,小曹同学,2018/05/12,11,4,信息流oCPC：花了十几万才摸到门槛，一点经验希望能帮到你,http://www.woshipm.com/marketing/1023895.html
355,网易云信,2018/05/12,38,15,实战案例：如何快速打造1000万+播放量的抖音网红？,http://www.woshipm.com/marketing/1022609.html
356,ohYogi,2018/05/11,13,8,经历总结｜以一个失败地摊主的身份回顾：（以5.5林俊杰圣所演唱会大连站为例）,http://www.woshipm.com/marketing/1023420.html
357,笔记侠,2018/05/10,62,8,读懂“用户”和 “数据”，才能掌握数据营销的道法术,http://www.woshipm.com/marketing/1021924.html
358,Alter,2018/05/10,35,8,分销模式走红背后，知识付费电商化再进阶,http://www.woshipm.com/marketing/1020637.html
359,Alice,2018/05/09,39,9,小猪佩奇花样走红，给营销人什么启示？,http://www.woshipm.com/marketing/1020655.html
360,华映资本,2018/05/08,45,28,为什么你这么容易被种草？我们认真地研究了「种草心理学」,http://www.woshipm.com/marketing/1019221.html
361,老虎讲运营,2018/05/08,32,10,一篇文章，读懂品牌广告与效果广告的相同和不同,http://www.woshipm.com/marketing/1018506.html
362,空手,2018/05/07,92,62,鸿茅已乘央视去，网络空余杜蕾斯,http://www.woshipm.com/marketing/1017920.html
363,格竹集,2018/05/07,6,3,你深藏的疲惫与欲望，如何成为网易严选、小米的广告素材？,http://www.woshipm.com/marketing/1015989.html
364,马 璐,2018/05/04,51,16,广告分类说明：我理解的9种广告类型,http://www.woshipm.com/marketing/1011890.html
365,空手,2018/05/04,148,44,什么是营销？,http://www.woshipm.com/marketing/1014442.html
366,米可,2018/05/03,26,3,如何为一家创业公司做PR规划？只需4个步骤,http://www.woshipm.com/marketing/1014281.html
367,大熊,2018/05/03,59,11,3步建设具有传播力的品牌形象,http://www.woshipm.com/marketing/1014383.html
368,老虎讲运营,2018/05/03,52,15,三个步骤，教你打造出一个网红店,http://www.woshipm.com/marketing/1013457.html
369,空手,2018/05/02,51,11,品牌进阶指南：掌握品牌的三大系统,http://www.woshipm.com/marketing/1012577.html
370,科技茶馆,2018/05/02,16,4,如何做好一个品牌的知乎营销？,http://www.woshipm.com/marketing/1012310.html
371,Anne,2018/05/01,10,11,为什么罗胖拒绝在彩票背面免费投广告？说说广告投放的郑重感,http://www.woshipm.com/marketing/1009588.html
372,空手,2018/04/30,12,9,未来，人工智能最不可能替代的是内容,http://www.woshipm.com/marketing/1010071.html
373,杨刀刀,2018/04/29,43,20,抖音营销怎么做？这里有10.5条建议,http://www.woshipm.com/marketing/1010079.html
374,空手,2018/04/29,55,13,战略入门指南：战略的目标只有一个 —— 打败对手,http://www.woshipm.com/marketing/1010069.html
375,康伊兵,2018/04/28,293,211,高能，如何用互联网思维卖包子？,http://www.woshipm.com/marketing/1010142.html
376,空手,2018/04/28,64,13,品牌入门指南：细数品牌的三大作用,http://www.woshipm.com/marketing/1009995.html
377,米可,2018/04/28,14,6,营销视角：你是如何被“理论”害死的？,http://www.woshipm.com/marketing/1009960.html
378,Anne,2018/04/28,14,9,创业者，为什么拓展个新业务就这么难？,http://www.woshipm.com/marketing/1009709.html
379,马 璐,2018/04/28,3,15,又逢五一，借势营销是主动为之还是被动防御？,http://www.woshipm.com/marketing/995374.html
380,Anne,2018/04/28,20,14,从江小白和小罐茶说起，成功的表象与隐象,http://www.woshipm.com/marketing/1009511.html
381,喜新,2018/04/27,17,13,抖音怎么玩都不火？看看你音乐对了没,http://www.woshipm.com/marketing/1008974.html
382,LBJ,2018/04/27,95,27,互联网3大盈利模式总结：广告、增值服务、佣金,http://www.woshipm.com/marketing/1008672.html
383,Fancy,2018/04/27,52,17,手把手教你如何打造爆款网红食品,http://www.woshipm.com/marketing/1008590.html
384,小哥的天真,2018/04/26,11,6,粉丝站品牌规划：如果每个粉丝站都是一个品牌，它的发展历程应该是怎样的？,http://www.woshipm.com/marketing/1006490.html
385,原子大大,2018/04/26,23,12,案例分析｜怎样0成本做一场“赚钱”的直播？,http://www.woshipm.com/marketing/1006633.html
386,果子,2018/04/25,92,45,货架、无人、便利店为什么这些会是新零售的关键词？不好意思，这个只是表面,http://www.woshipm.com/marketing/1006405.html
387,姑婆那些事儿,2018/04/25,24,3,17种抖音套路，教你预测怎么拍会火,http://www.woshipm.com/marketing/1006068.html
388,科技茶馆,2018/04/23,24,3,如何让你的营销触达知乎的高价值人群？,http://www.woshipm.com/marketing/1002293.html
389,靖哥哥营销,2018/04/21,113,61,从0到1，我和一个详情页的故事,http://www.woshipm.com/marketing/1001268.html
390,马 璐,2018/04/21,36,30,这些年，让人眼前一亮的创意广告,http://www.woshipm.com/marketing/985016.html
391,传播体操,2018/04/21,9,8,如何打造能带货的卡通网红形象？,http://www.woshipm.com/marketing/1000617.html
392,Fancy,2018/04/19,46,24,成立不到半年就敢 PK 星巴克？luckin coffee是什么来路？,http://www.woshipm.com/marketing/999220.html
393,孙大圣,2018/04/19,20,5,双微一抖？外行人看乐趣，内行人看营销,http://www.woshipm.com/marketing/998685.html
394,幻梦邪魂,2018/04/19,17,4,短视频“泡沫之下”，数字营销又该如何步步为营？,http://www.woshipm.com/marketing/997978.html
395,怪兽先森,2018/04/19,29,7,用户不再喜欢买你的产品了？来试试这三个策略,http://www.woshipm.com/marketing/998320.html
396,创业邦,2018/04/18,29,4,在抖音上“发抖”的商人们,http://www.woshipm.com/marketing/997161.html
397,谌基平,2018/04/16,3,2,请全民来跳一支街舞，这个品牌能像神曲一样火遍抖音么？,http://www.woshipm.com/marketing/993017.html
398,付永承,2018/04/16,21,2,4点关键因素，90%成功的卖货文案都离不开,http://www.woshipm.com/marketing/993830.html
399,北冥乘海生,2018/04/13,15,4,广告技术公司十大装逼姿势（中）,http://www.woshipm.com/marketing/992309.html
400,北冥乘海生,2018/04/13,18,4,广告技术公司十大装逼姿势（上）,http://www.woshipm.com/marketing/992235.html
401,劲风,2018/04/12,20,13,从特斯拉上天到破产，看马斯克的逆天营销秘密,http://www.woshipm.com/marketing/990396.html
402,北冥乘海生,2018/04/11,24,9,线上流量真的枯竭了么？,http://www.woshipm.com/marketing/989512.html
403,王宇庭,2018/04/09,30,6,工作思考｜做用户增长，品牌营销与精准营销哪个更有效？,http://www.woshipm.com/marketing/987249.html
404,运营观察,2018/04/09,88,10,微信营销：你所不知道的15种营销玩法,http://www.woshipm.com/marketing/986577.html
405,信精投,2018/04/09,41,16,如何像专业的数据分析师一样，把广告投给最有可能掏钱的用户,http://www.woshipm.com/marketing/985787.html
406,Alice,2018/04/08,38,7,最强抖音运维攻略，为你详解抖音运营常遇到的3个问题,http://www.woshipm.com/marketing/985907.html
407,Fancy,2018/04/06,36,15,当品牌们在谈论生活方式的时候，到底说的是什么？,http://www.woshipm.com/marketing/983105.html
408,信精投,2018/04/03,30,23,文案抄大牌必读：品牌在用户认知的三种分类,http://www.woshipm.com/marketing/981793.html
409,米可,2018/04/03,11,8,在短短24小时内，星巴克是怎么化解了谣言刷屏的危机？,http://www.woshipm.com/marketing/981648.html
410,Ella,2018/04/03,32,15,好的品牌名，应该自带卖点,http://www.woshipm.com/marketing/981434.html
411,木木老贼,2018/04/02,23,7,品牌做得差异化明显，消费者就会掏钱了吗？,http://www.woshipm.com/marketing/980453.html
412,六爷笔记,2018/04/02,36,18,三个维度，从0开始学做抖音号,http://www.woshipm.com/marketing/979867.html
413,Anne,2018/04/01,42,28,为什么你的卖货文案，转化效果总是很有限？,http://www.woshipm.com/marketing/979040.html
414,米可,2018/03/31,19,9,用恐惧诉求刺激销量，消费者为什么不买账？,http://www.woshipm.com/marketing/979046.html
415,Vency,2018/03/31,114,22,互联网广告的背后是什么（1）：广告的基础知识,http://www.woshipm.com/marketing/978705.html
416,春风十里,2018/03/30,31,4,拼房源、比服务、重体验，在线短租的下一个战场在哪？,http://www.woshipm.com/marketing/978045.html
417,陈文中,2018/03/30,84,32,新零售之会员进化论,http://www.woshipm.com/marketing/976938.html
418,纸盒小卡车,2018/03/29,50,31,咖啡厅的价格秘密，为什么你总爱点大杯？,http://www.woshipm.com/marketing/977013.html
419,幻梦邪魂,2018/03/28,14,4,夜来风雨声，广告知多少？,http://www.woshipm.com/marketing/975856.html
420,传播体操,2018/03/27,17,8,现代版的脑白金，贪玩蓝月的广告魔性何在？,http://www.woshipm.com/marketing/973800.html
421,信精投,2018/03/26,51,19,看懂这3点，帮你认识抖音“带货”的本质,http://www.woshipm.com/marketing/972302.html
422,Heinrich Z,2018/03/23,73,22,价格策略：如何洞察顾客心理，玩转价格游戏？,http://www.woshipm.com/marketing/969414.html
423,黑小指,2018/03/21,28,12,除了杜蕾斯，这个品牌借势也玩得6,http://www.woshipm.com/marketing/968007.html
424,Alice,2018/03/21,15,3,乔布斯：打造品牌的三条教训,http://www.woshipm.com/marketing/967537.html
425,龙共火火,2018/03/21,19,6,刷完又被封，新世相后面的隐藏逻辑,http://www.woshipm.com/marketing/966719.html
426,付永承,2018/03/21,21,12,产品促销时，务必记住这三句话,http://www.woshipm.com/marketing/967463.html
427,十里桃花,2018/03/21,17,9,案例分析｜天猫38女王节：如何玩转“她经济”,http://www.woshipm.com/marketing/966723.html
428,毛琳Michael,2018/03/20,13,0,从薛兆丰到张伟，这届知识营销有点招黑,http://www.woshipm.com/marketing/965517.html
429,苏佬师,2018/03/20,19,6,知识付费传销：比新世相那个课更重要的东西，你应该知道,http://www.woshipm.com/marketing/965244.html
430,传播体操,2018/03/20,59,14,拿去用吧！愚人节营销指南及推广雷区,http://www.woshipm.com/marketing/965327.html
431,米可,2018/03/16,32,10,那些把优势当卖点的产品，为什么最终也失败了？,http://www.woshipm.com/marketing/962388.html
432,金数据,2018/03/16,29,4,2018年，SaaS在拉新、价值和市场上的新思考,http://www.woshipm.com/marketing/959340.html
433,营销chu,2018/03/15,57,9,如何把产品和营销进行深入整合呢？产品营销化和营销产品化,http://www.woshipm.com/marketing/960039.html
434,怪兽先森,2018/03/15,31,7,你写的广告文案很难被用户记住？请试试这5个文案模版（下）,http://www.woshipm.com/marketing/960458.html
435,纸盒小卡车,2018/03/15,19,5,是谁偷走了你的客户？,http://www.woshipm.com/marketing/960641.html
436,苏佬师,2018/03/13,11,1,二柱子卖的西瓜上315啦！一个故事学会315危机公关怎么做,http://www.woshipm.com/marketing/958084.html
437,Anne,2018/03/13,18,6,应对315的危机公关：18条建议送给你,http://www.woshipm.com/marketing/957909.html
438,魏家东,2018/03/12,15,2,脉脉这波广告，在时机与场景下的洞察值得借鉴！,http://www.woshipm.com/marketing/955457.html
439,米可,2018/03/09,32,11,服务业不赚钱？别怪行业，是你太低效,http://www.woshipm.com/marketing/954136.html
440,乌玛小曼,2018/03/08,218,62,这4个大众心理洞察，或许能帮你在2018年制造爆款,http://www.woshipm.com/marketing/954094.html
441,米可,2018/03/05,37,8,Buffer营销总监：如何培养一专多能的T型营销人才？,http://www.woshipm.com/marketing/951139.html
442,南北,2018/03/05,54,10,To B型公司如何通过营销带来客户？赠送你3条实战经验,http://www.woshipm.com/marketing/950917.html
443,卓志勇,2018/03/03,85,14,产品想取个好名字？不妨用这6种方法,http://www.woshipm.com/marketing/949478.html
444,怪兽先森,2018/03/01,185,27,这5种打折促销的技巧，可实现销量提升又不贬低产品的价值,http://www.woshipm.com/marketing/947408.html
445,幻梦邪魂,2018/03/01,12,4,2018年，数字营销大环境又有什么新的变故,http://www.woshipm.com/marketing/947317.html
446,南北,2018/02/28,41,4,让用户爽快下单，你需要这个方法,http://www.woshipm.com/marketing/946271.html
447,原子大大,2018/02/27,60,21,深度解读网易和三联刷屏海报设计：《文案训练手册》10元素法,http://www.woshipm.com/marketing/944951.html
448,朱小磊,2018/02/27,39,8,怀旧营销崛起,http://www.woshipm.com/marketing/945000.html
449,米可,2018/02/27,38,4,产品同质化下，如何让品牌认知差异化,http://www.woshipm.com/marketing/944543.html
450,米可,2018/02/26,21,3,为什么说「价值交付」是品牌最好的营销策略,http://www.woshipm.com/marketing/944581.html
451,Anne,2018/02/26,43,10,营销人最值钱的素质，从来不是经验和方法，而是……,http://www.woshipm.com/marketing/944520.html
452,孙凌,2018/02/25,35,8,实战复盘丨5个层次拆解校园渠道,http://www.woshipm.com/marketing/941999.html
453,叶小鱼,2018/02/21,18,1,人民日报春节暖心活动：牵妈妈的手案例分析,http://www.woshipm.com/marketing/940708.html
454,叶小鱼,2018/02/18,16,12,3个春节创意广告，一把面条让我泪牛满面,http://www.woshipm.com/marketing/939939.html
455,米可,2018/02/15,24,9,如果只能用一个词来描述你的品牌，会是什么？,http://www.woshipm.com/marketing/937147.html
456,XO小喵,2018/02/15,63,18,为什么你的产品，总让消费者感觉不值得买？,http://www.woshipm.com/marketing/936035.html
457,Ella,2018/02/14,53,12,作为后来者，你该以什么姿态进入细分市场？,http://www.woshipm.com/marketing/936020.html
458,米可,2018/02/13,5,1,高铁车厢里怎么做春运营销？,http://www.woshipm.com/marketing/938376.html
459,倪雪,2018/02/13,45,11,4个案例告诉你：如何从情感欲望中挖掘痛点,http://www.woshipm.com/marketing/935737.html
460,米可,2018/02/10,16,4,春节送礼市场如何做营销？6个案例告诉你，简单粗暴未必不好！,http://www.woshipm.com/marketing/937104.html
461,米可,2018/02/10,9,6,在渠道驱动的产业中，你该如何有效抵御强者？,http://www.woshipm.com/marketing/936113.html
462,米可,2018/02/09,43,9,营销预算有限，如何才能让产品自己会传播?,http://www.woshipm.com/marketing/935988.html
463,叶小鱼,2018/02/08,33,6,支付宝集五福攻略 ▏顺便学点营销活动传播套路,http://www.woshipm.com/marketing/935235.html
464,怪兽先森,2018/02/08,248,68,用户为什么不愿意第二次买你的产品？,http://www.woshipm.com/marketing/934885.html
465,殷为业,2018/02/07,136,18,AARRR模型案例：利用数据优化渠道投放，并实现用户增长,http://www.woshipm.com/marketing/932886.html
466,魏家东,2018/02/07,19,1,春节营销案例：把年货大礼包玩出这种新花样，还有谁？,http://www.woshipm.com/marketing/934052.html
467,幻梦邪魂,2018/02/06,17,1,无界营销：在新的技术场景下，如何打通品牌的任督二脉,http://www.woshipm.com/marketing/932129.html
468,信精投,2018/02/06,137,43,情人节拷问：恋爱都谈不好，还谈什么客户？,http://www.woshipm.com/marketing/931733.html
469,先什么生,2018/02/06,19,2,见光死怎么办？如何提升用户对网站的好感，提升转化？,http://www.woshipm.com/marketing/930725.html
470,卓志勇,2018/02/04,76,15,不做调查的营销，你还敢做吗？,http://www.woshipm.com/marketing/930951.html
471,致趣百川,2018/01/31,61,9,教育企业如何提高获客效果？,http://www.woshipm.com/marketing/927160.html
472,吆喝科技,2018/01/26,33,5,2018年的短视频内容，你规划了吗？,http://www.woshipm.com/marketing/921051.html
473,米可,2018/01/26,26,4,实例解析：13种高超的营销增长策略,http://www.woshipm.com/marketing/922988.html
474,米可,2018/01/25,17,2,你的产品，是市场密集型产品还是销售密集型产品？先回答7个问题,http://www.woshipm.com/marketing/922967.html
475,怪兽先森,2018/01/25,76,15,用上这个用户分类方法，或许能减少你50%的推广成本,http://www.woshipm.com/marketing/922541.html
476,平章大人,2018/01/24,35,30,无界营销的界在哪里？（产品篇）,http://www.woshipm.com/marketing/912588.html
477,朱小磊,2018/01/22,16,3,独特视角：真正的传播，不用花钱,http://www.woshipm.com/marketing/918250.html
478,魏家东,2018/01/19,5,1,2018微信公开课，营销人应该关注哪些关键点？,http://www.woshipm.com/marketing/916145.html
479,南北,2018/01/18,25,11,如何用商业思维，让直播答题持续火下去？,http://www.woshipm.com/marketing/914998.html
480,怪兽先森,2018/01/18,25,6,面对大品牌的竞争压力，小品牌可以试试这三个品牌策略,http://www.woshipm.com/marketing/915084.html
481,米可,2018/01/17,7,3,瞬间引爆一个关键词，可能是百万英雄的营销杀手锏,http://www.woshipm.com/marketing/914444.html
482,米可,2018/01/17,32,15,冲顶大会VS芝士超人VS百万英雄VS百万赢家，谁更会自我营销？,http://www.woshipm.com/marketing/914446.html
483,米可,2018/01/16,2,3,2017年十大品牌刷屏案例：技术流褪去，公众情绪和吐槽扑来！,http://www.woshipm.com/marketing/912793.html
484,Anne,2018/01/12,17,3,百万英雄：席卷社交圈的互动游戏背后，营销先机如何抢占？,http://www.woshipm.com/marketing/905989.html
485,米可,2018/01/12,17,5,为什么“特产”很难做成大品牌？,http://www.woshipm.com/marketing/904995.html
